[{"fields": {"sphere": [14, 16, 22], "skill": [1, 2, 3, 4, 5, 6, 7, 8, 9, 10, 11, 12, 13, 14, 15, 16, 17, 18, 19, 20, 21], "name": "Data Analyst"}, "model": "career.profession", "pk": 1}, {"fields": {"sphere": [3, 7, 16, 22], "skill": [1, 2, 3, 4, 6, 7, 9, 10, 11, 12, 14, 15, 16, 17, 19, 20, 21, 22, 23, 24, 25], "name": "Business Analyst"}, "model": "career.profession", "pk": 2}, {"fields": {"sphere": [3, 5, 7, 10, 14, 21], "skill": [1, 2, 6, 7, 8, 14, 16, 17, 22, 23, 24, 26, 27, 28, 29, 30, 31, 150], "name": "Product Manager"}, "model": "career.profession", "pk": 3}, {"fields": {"sphere": [3, 7, 13, 21], "skill": [6, 7, 14, 16, 17, 21, 22, 23, 24, 26, 28, 29, 30, 31, 32, 33, 34, 35], "name": "Project Manager"}, "model": "career.profession", "pk": 4}, {"fields": {"sphere": [5, 6, 10, 14, 16, 22], "skill": [1, 3, 6, 7, 9, 18, 22, 31, 36, 37, 38, 39, 40, 41, 42, 43, 44, 45, 46], "name": "Search Engine Optimization (SEO)"}, "model": "career.profession", "pk": 5}, {"fields": {"sphere": [5, 6, 10], "skill": [1, 7, 9, 16, 17, 47, 48, 49, 50, 51, 52, 53, 54, 55, 56, 57], "name": "Software Engineer"}, "model": "career.profession", "pk": 6}, {"fields": {"sphere": [5, 6, 10], "skill": [4, 7, 16, 17, 36, 47, 48, 50, 54, 55, 56, 57, 58, 59, 60, 61, 62, 63, 64, 65], "name": "Software Developer"}, "model": "career.profession", "pk": 7}, {"fields": {"sphere": [5, 14], "skill": [9, 43, 66, 67, 68, 69], "name": "Web Designer"}, "model": "career.profession", "pk": 8}, {"fields": {"sphere": [5], "skill": [9, 43, 47, 48, 50, 51, 56, 66, 67, 68, 69, 70, 71], "name": "Web Developer"}, "model": "career.profession", "pk": 9}, {"fields": {"sphere": [2, 4, 12, 20], "skill": [1, 7, 16, 22, 72, 73, 74, 75, 76, 77], "name": "Biomedical Engineer"}, "model": "career.profession", "pk": 10}, {"fields": {"sphere": [1, 14], "skill": [1, 66, 67, 69, 78, 79, 80, 81, 82, 83, 84, 85, 86, 87, 88, 89], "name": "Graphic Design"}, "model": "career.profession", "pk": 11}, {"fields": {"sphere": [21], "skill": [6, 16, 84, 90, 91, 92, 93], "name": "Hair Stylist"}, "model": "career.profession", "pk": 12}, {"fields": {"sphere": [21], "skill": [7, 16, 21, 22, 23, 24, 29, 31, 35, 44, 84, 93, 94, 95, 96, 97, 98, 99, 100, 101, 102, 103, 104, 177], "name": "Human Resources"}, "model": "career.profession", "pk": 13}, {"fields": {"sphere": [6, 10, 14], "skill": [1, 5, 6, 7, 14, 16, 17, 21, 105, 106, 107, 108, 109, 110, 111, 112, 113, 114, 115, 116], "name": "Information Security Analyst"}, "model": "career.profession", "pk": 14}, {"fields": {"sphere": [1, 21], "skill": [4, 6, 16, 17, 22, 31, 102, 117, 118, 119, 120, 121, 122, 123], "name": "Journalist"}, "model": "career.profession", "pk": 15}, {"fields": {"sphere": [3, 12], "skill": [44, 86, 124, 125, 126, 127], "name": "Travel Agent / Coordinator"}, "model": "career.profession", "pk": 16}, {"fields": {"sphere": [1, 13], "skill": [22, 84, 128, 129, 130, 131], "name": "Photography"}, "model": "career.profession", "pk": 17}, {"fields": {"sphere": [18], "skill": [9, 17, 22, 24, 44, 132, 133, 134], "name": "Television / Film Producer"}, "model": "career.profession", "pk": 18}, {"fields": {"sphere": [8, 23], "skill": [22, 135, 136, 137, 138, 139, 140, 141, 142, 143, 144, 145], "name": "Teacher"}, "model": "career.profession", "pk": 19}, {"fields": {"sphere": [7, 16, 22], "skill": [1, 4, 12, 23, 146, 147, 148, 149, 150], "name": "Financial Advisor"}, "model": "career.profession", "pk": 20}, {"fields": {"sphere": [2, 11, 12], "skill": [151, 152, 153, 154, 155, 156, 157, 158, 159, 160, 161, 162, 163], "name": "Physician"}, "model": "career.profession", "pk": 21}, {"fields": {"sphere": [17], "skill": [151, 152, 153, 154, 157, 158, 159, 160, 162, 164, 165, 166, 167, 168], "name": "Nursing"}, "model": "career.profession", "pk": 22}, {"fields": {"sphere": [15], "skill": [4, 96, 101, 169, 170, 171, 172, 173, 174], "name": "Legal"}, "model": "career.profession", "pk": 23}, {"fields": {"sphere": [13, 23], "skill": [136, 138, 142, 175, 176, 177, 178, 284], "name": "School Psychologist"}, "model": "career.profession", "pk": 24}, {"fields": {"sphere": [9, 10, 19], "skill": [179, 180, 181, 182, 183, 184, 185, 186, 187], "name": "Civil Engineer"}, "model": "career.profession", "pk": 25}, {"fields": {"sphere": [19, 22], "skill": [1, 13, 121, 122, 126, 188], "name": "Meteorologist"}, "model": "career.profession", "pk": 26}, {"fields": {"sphere": [11], "skill": [33, 189, 190, 191, 192, 193, 194, 195, 196, 197], "name": "Chef"}, "model": "career.profession", "pk": 27}, {"fields": {"sphere": [9, 10, 19, 20], "skill": [198, 199, 200, 201, 202, 203], "name": "Blue Collar Job"}, "model": "career.profession", "pk": 28}, {"fields": {"sphere": [12, 13, 14], "skill": [22, 122, 204, 205, 206, 207, 208, 209, 210, 211], "name": "Broadcaster"}, "model": "career.profession", "pk": 29}, {"fields": {"sphere": [8], "skill": [14, 94, 137, 147, 195, 212, 213, 214], "name": "Career Counselor"}, "model": "career.profession", "pk": 30}, {"fields": {"sphere": [2, 12, 17], "skill": [73, 129, 163, 215, 216, 217, 218, 219, 286], "name": "Chiropractor"}, "model": "career.profession", "pk": 31}, {"fields": {"sphere": [7, 15], "skill": [129, 220, 221, 222, 223, 224, 225, 226, 227], "name": "Claims Adjuster"}, "model": "career.profession", "pk": 32}, {"fields": {"sphere": [13], "skill": [129, 196, 228, 229, 230, 231, 232], "name": "Concierge"}, "model": "career.profession", "pk": 33}, {"fields": {"sphere": [23], "skill": [124, 137, 156, 194, 212, 233, 234, 285], "name": "Counseling"}, "model": "career.profession", "pk": 34}, {"fields": {"sphere": [2, 4, 17], "skill": [129, 169, 217, 235], "name": "Dentist"}, "model": "career.profession", "pk": 35}, {"fields": {"sphere": [1, 18], "skill": [2, 9, 22, 66, 124, 233, 236, 237, 238, 239, 240, 241, 242], "name": "Editing"}, "model": "career.profession", "pk": 36}, {"fields": {"sphere": [1, 8, 18, 23], "skill": [129, 217, 243, 244], "name": "Esthetician"}, "model": "career.profession", "pk": 37}, {"fields": {"sphere": [13, 14, 18], "skill": [2, 30, 245, 246, 247, 248, 249, 250, 251, 252], "name": "Fashion Design"}, "model": "career.profession", "pk": 38}, {"fields": {"sphere": [15], "skill": [170, 171, 253, 254, 255, 256, 257, 258, 259], "name": "Law Enforcement"}, "model": "career.profession", "pk": 39}, {"fields": {"sphere": [9], "skill": [180, 181, 182, 183, 185, 186, 260, 261, 262], "name": "Energy Engineer"}, "model": "career.profession", "pk": 40}, {"fields": {"sphere": [9, 19], "skill": [1, 16, 22, 24, 129, 186, 188], "name": "Surveyor"}, "model": "career.profession", "pk": 41}, {"fields": {"sphere": [3, 8, 23], "skill": [16, 17, 22, 24, 137, 263, 264, 265, 266, 284], "name": "Scrum Master"}, "model": "career.profession", "pk": 42}, {"fields": {"sphere": [11], "skill": [16, 22, 104, 192, 194, 267], "name": "Restaurant and Food Service"}, "model": "career.profession", "pk": 43}, {"fields": {"sphere": [4, 11, 17], "skill": [151, 158, 159, 188, 268, 269, 270, 271, 272], "name": "Pharmacist"}, "model": "career.profession", "pk": 44}, {"fields": {"sphere": [15], "skill": [22, 122, 164, 212, 273, 274, 275], "name": "Paralegal"}, "model": "career.profession", "pk": 45}, {"fields": {"sphere": [10, 20], "skill": [16, 21, 186, 188, 276, 277, 278], "name": "Mechanical Engineer"}, "model": "career.profession", "pk": 46}, {"fields": {"sphere": [2, 4, 11], "skill": [4, 7, 86, 279, 280, 281, 282, 283], "name": "Nutritionist / Dietician"}, "model": "career.profession", "pk": 47}, {"fields": {"name": "Analytical Skills"}, "model": "career.skill", "pk": 1}, {"fields": {"name": "Creative Strategy"}, "model": "career.skill", "pk": 2}, {"fields": {"name": "Content Management"}, "model": "career.skill", "pk": 3}, {"fields": {"name": "Critical Thinking"}, "model": "career.skill", "pk": 4}, {"fields": {"name": "Information Architecture"}, "model": "career.skill", "pk": 5}, {"fields": {"name": "Multitasking"}, "model": "career.skill", "pk": 6}, {"fields": {"name": "Problem Solving"}, "model": "career.skill", "pk": 7}, {"fields": {"name": "Product Development"}, "model": "career.skill", "pk": 8}, {"fields": {"name": "Project Management"}, "model": "career.skill", "pk": 9}, {"fields": {"name": "Vulnerability Research"}, "model": "career.skill", "pk": 10}, {"fields": {"name": "Economic Research"}, "model": "career.skill", "pk": 11}, {"fields": {"name": "Market Research"}, "model": "career.skill", "pk": 12}, {"fields": {"name": "Outcomes Research"}, "model": "career.skill", "pk": 13}, {"fields": {"name": "Qualitative Research"}, "model": "career.skill", "pk": 14}, {"fields": {"name": "Quantitative Research"}, "model": "career.skill", "pk": 15}, {"fields": {"name": "Teamwork"}, "model": "career.skill", "pk": 16}, {"fields": {"name": "Time Management"}, "model": "career.skill", "pk": 17}, {"fields": {"name": "Web Analytics"}, "model": "career.skill", "pk": 18}, {"fields": {"name": "Applied Mathematics"}, "model": "career.skill", "pk": 19}, {"fields": {"name": "Mathematical Modeling"}, "model": "career.skill", "pk": 20}, {"fields": {"name": "Decision Making"}, "model": "career.skill", "pk": 21}, {"fields": {"name": "Communication"}, "model": "career.skill", "pk": 22}, {"fields": {"name": "Financial Planning"}, "model": "career.skill", "pk": 23}, {"fields": {"name": "Leadership"}, "model": "career.skill", "pk": 24}, {"fields": {"name": "Statistical Data Analysis"}, "model": "career.skill", "pk": 25}, {"fields": {"name": "Budget Oversight"}, "model": "career.skill", "pk": 26}, {"fields": {"name": "Customer Analysis"}, "model": "career.skill", "pk": 27}, {"fields": {"name": "Stragetic Planning"}, "model": "career.skill", "pk": 28}, {"fields": {"name": "Relationship Building"}, "model": "career.skill", "pk": 29}, {"fields": {"name": "Marketing"}, "model": "career.skill", "pk": 30}, {"fields": {"name": "Microsoft Office"}, "model": "career.skill", "pk": 31}, {"fields": {"name": "Accuracy"}, "model": "career.skill", "pk": 32}, {"fields": {"name": "Quality Management"}, "model": "career.skill", "pk": 33}, {"fields": {"name": "Risk Management"}, "model": "career.skill", "pk": 34}, {"fields": {"name": "Troubleshooting"}, "model": "career.skill", "pk": 35}, {"fields": {"name": "Algorithms"}, "model": "career.skill", "pk": 36}, {"fields": {"name": "Data Analysis"}, "model": "career.skill", "pk": 37}, {"fields": {"name": "Data Science"}, "model": "career.skill", "pk": 38}, {"fields": {"name": "Google Analytics"}, "model": "career.skill", "pk": 39}, {"fields": {"name": "Keyword Research"}, "model": "career.skill", "pk": 40}, {"fields": {"name": "Optimization"}, "model": "career.skill", "pk": 41}, {"fields": {"name": "Research"}, "model": "career.skill", "pk": 42}, {"fields": {"name": "SEO"}, "model": "career.skill", "pk": 43}, {"fields": {"name": "Social Media"}, "model": "career.skill", "pk": 44}, {"fields": {"name": "SMO"}, "model": "career.skill", "pk": 45}, {"fields": {"name": "Technical"}, "model": "career.skill", "pk": 46}, {"fields": {"name": "Databases"}, "model": "career.skill", "pk": 47}, {"fields": {"name": "JavaScript"}, "model": "career.skill", "pk": 48}, {"fields": {"name": "Linux"}, "model": "career.skill", "pk": 49}, {"fields": {"name": "Java"}, "model": "career.skill", "pk": 50}, {"fields": {"name": "PHP"}, "model": "career.skill", "pk": 51}, {"fields": {"name": "Node.js"}, "model": "career.skill", "pk": 52}, {"fields": {"name": "ASP.NET"}, "model": "career.skill", "pk": 53}, {"fields": {"name": "Software Documentation"}, "model": "career.skill", "pk": 54}, {"fields": {"name": "Ruby on Rails"}, "model": "career.skill", "pk": 55}, {"fields": {"name": "C++"}, "model": "career.skill", "pk": 56}, {"fields": {"name": "Data Structures"}, "model": "career.skill", "pk": 57}, {"fields": {"name": "Android"}, "model": "career.skill", "pk": 58}, {"fields": {"name": "C#"}, "model": "career.skill", "pk": 59}, {"fields": {"name": "Software Development"}, "model": "career.skill", "pk": 60}, {"fields": {"name": "Software Design"}, "model": "career.skill", "pk": 61}, {"fields": {"name": "Git"}, "model": "career.skill", "pk": 62}, {"fields": {"name": "Github"}, "model": "career.skill", "pk": 63}, {"fields": {"name": "XML"}, "model": "career.skill", "pk": 64}, {"fields": {"name": "Web Services"}, "model": "career.skill", "pk": 65}, {"fields": {"name": "HTML"}, "model": "career.skill", "pk": 66}, {"fields": {"name": "CSS"}, "model": "career.skill", "pk": 67}, {"fields": {"name": "Design Thinking"}, "model": "career.skill", "pk": 68}, {"fields": {"name": "Flash"}, "model": "career.skill", "pk": 69}, {"fields": {"name": "AJAX"}, "model": "career.skill", "pk": 70}, {"fields": {"name": "Perl"}, "model": "career.skill", "pk": 71}, {"fields": {"name": "Clinical Research"}, "model": "career.skill", "pk": 72}, {"fields": {"name": "Human Anatomy"}, "model": "career.skill", "pk": 73}, {"fields": {"name": "Durable Medical Equipment"}, "model": "career.skill", "pk": 74}, {"fields": {"name": "Quality Assurance"}, "model": "career.skill", "pk": 75}, {"fields": {"name": "Chemistry"}, "model": "career.skill", "pk": 76}, {"fields": {"name": "Strategic Partnerships"}, "model": "career.skill", "pk": 77}, {"fields": {"name": "Adobe Acrobat"}, "model": "career.skill", "pk": 78}, {"fields": {"name": "Adobe Creative Suite"}, "model": "career.skill", "pk": 79}, {"fields": {"name": "Illustrator"}, "model": "career.skill", "pk": 80}, {"fields": {"name": "InDesign"}, "model": "career.skill", "pk": 81}, {"fields": {"name": "Photoshop"}, "model": "career.skill", "pk": 82}, {"fields": {"name": "Aesthetics"}, "model": "career.skill", "pk": 83}, {"fields": {"name": "Creativity Skills"}, "model": "career.skill", "pk": 84}, {"fields": {"name": "Dreamweaver"}, "model": "career.skill", "pk": 85}, {"fields": {"name": "Microsoft Excel"}, "model": "career.skill", "pk": 86}, {"fields": {"name": "Layout"}, "model": "career.skill", "pk": 87}, {"fields": {"name": "Creative Writing"}, "model": "career.skill", "pk": 88}, {"fields": {"name": "Typography"}, "model": "career.skill", "pk": 89}, {"fields": {"name": "Hair Care"}, "model": "career.skill", "pk": 90}, {"fields": {"name": "Hair Cutting"}, "model": "career.skill", "pk": 91}, {"fields": {"name": "Keratin Treatment"}, "model": "career.skill", "pk": 92}, {"fields": {"name": "Affirmative Action"}, "model": "career.skill", "pk": 93}, {"fields": {"name": "Job Coaching"}, "model": "career.skill", "pk": 94}, {"fields": {"name": "Complience Oversight"}, "model": "career.skill", "pk": 95}, {"fields": {"name": "Employment Law"}, "model": "career.skill", "pk": 96}, {"fields": {"name": "Job Evaluation"}, "model": "career.skill", "pk": 97}, {"fields": {"name": "Motivational Interviewing"}, "model": "career.skill", "pk": 98}, {"fields": {"name": "Interviewing Skills"}, "model": "career.skill", "pk": 99}, {"fields": {"name": "Corporate Law"}, "model": "career.skill", "pk": 100}, {"fields": {"name": "International Law"}, "model": "career.skill", "pk": 101}, {"fields": {"name": "Social Networking"}, "model": "career.skill", "pk": 102}, {"fields": {"name": "Networking"}, "model": "career.skill", "pk": 103}, {"fields": {"name": "Presentation Skills"}, "model": "career.skill", "pk": 104}, {"fields": {"name": "Background Checks"}, "model": "career.skill", "pk": 105}, {"fields": {"name": "Fraud Detection"}, "model": "career.skill", "pk": 106}, {"fields": {"name": "Information Security Awareness"}, "model": "career.skill", "pk": 107}, {"fields": {"name": "Information Management"}, "model": "career.skill", "pk": 108}, {"fields": {"name": "Security Audits"}, "model": "career.skill", "pk": 109}, {"fields": {"name": "Securiy Awareness"}, "model": "career.skill", "pk": 110}, {"fields": {"name": "Cyber-security"}, "model": "career.skill", "pk": 111}, {"fields": {"name": "Network Security"}, "model": "career.skill", "pk": 112}, {"fields": {"name": "Security Operations"}, "model": "career.skill", "pk": 113}, {"fields": {"name": "Firewalls"}, "model": "career.skill", "pk": 114}, {"fields": {"name": "System Administration"}, "model": "career.skill", "pk": 115}, {"fields": {"name": "Cyber Defense"}, "model": "career.skill", "pk": 116}, {"fields": {"name": "Easily Adaptable"}, "model": "career.skill", "pk": 117}, {"fields": {"name": "Business Journalism"}, "model": "career.skill", "pk": 118}, {"fields": {"name": "Writing"}, "model": "career.skill", "pk": 119}, {"fields": {"name": "Management by Objectives"}, "model": "career.skill", "pk": 120}, {"fields": {"name": "News Writing"}, "model": "career.skill", "pk": 121}, {"fields": {"name": "Report Writing"}, "model": "career.skill", "pk": 122}, {"fields": {"name": "High Avalaibility"}, "model": "career.skill", "pk": 123}, {"fields": {"name": "Consulting"}, "model": "career.skill", "pk": 124}, {"fields": {"name": "Budgeting"}, "model": "career.skill", "pk": 125}, {"fields": {"name": "Geography"}, "model": "career.skill", "pk": 126}, {"fields": {"name": "Microsoft Word"}, "model": "career.skill", "pk": 127}, {"fields": {"name": "Artistic Abilities"}, "model": "career.skill", "pk": 128}, {"fields": {"name": "Customer Service"}, "model": "career.skill", "pk": 129}, {"fields": {"name": "Graphic Design"}, "model": "career.skill", "pk": 130}, {"fields": {"name": "Digital Photography"}, "model": "career.skill", "pk": 131}, {"fields": {"name": "Editing"}, "model": "career.skill", "pk": 132}, {"fields": {"name": "Creativity"}, "model": "career.skill", "pk": 133}, {"fields": {"name": "Social Media Marketing"}, "model": "career.skill", "pk": 134}, {"fields": {"name": "Childcare"}, "model": "career.skill", "pk": 135}, {"fields": {"name": "Working with Children"}, "model": "career.skill", "pk": 136}, {"fields": {"name": "Coaching"}, "model": "career.skill", "pk": 137}, {"fields": {"name": "Psychological Testing"}, "model": "career.skill", "pk": 138}, {"fields": {"name": "Curriculum Design"}, "model": "career.skill", "pk": 139}, {"fields": {"name": "Educational Leadership"}, "model": "career.skill", "pk": 140}, {"fields": {"name": "Public Relations"}, "model": "career.skill", "pk": 141}, {"fields": {"name": "Supervisory Skills"}, "model": "career.skill", "pk": 142}, {"fields": {"name": "Teaching"}, "model": "career.skill", "pk": 143}, {"fields": {"name": "University Teaching"}, "model": "career.skill", "pk": 144}, {"fields": {"name": "Lesson Planning"}, "model": "career.skill", "pk": 145}, {"fields": {"name": "Operational Risk Management"}, "model": "career.skill", "pk": 146}, {"fields": {"name": "Strategic Planning"}, "model": "career.skill", "pk": 147}, {"fields": {"name": "Financial Risk Management"}, "model": "career.skill", "pk": 148}, {"fields": {"name": "Financial Advisory"}, "model": "career.skill", "pk": 149}, {"fields": {"name": "Financial Analysis"}, "model": "career.skill", "pk": 150}, {"fields": {"name": "CPR Certified"}, "model": "career.skill", "pk": 151}, {"fields": {"name": "Wound Care"}, "model": "career.skill", "pk": 152}, {"fields": {"name": "Ambulatory Care"}, "model": "career.skill", "pk": 153}, {"fields": {"name": "Healthcare"}, "model": "career.skill", "pk": 154}, {"fields": {"name": "Healthcare Management"}, "model": "career.skill", "pk": 155}, {"fields": {"name": "Healthcare Consulting"}, "model": "career.skill", "pk": 156}, {"fields": {"name": "Medicare"}, "model": "career.skill", "pk": 157}, {"fields": {"name": "Medical Writing"}, "model": "career.skill", "pk": 158}, {"fields": {"name": "Emergency Medicine"}, "model": "career.skill", "pk": 159}, {"fields": {"name": "Medicine"}, "model": "career.skill", "pk": 160}, {"fields": {"name": "Sport Medicine"}, "model": "career.skill", "pk": 161}, {"fields": {"name": "General Surgery"}, "model": "career.skill", "pk": 162}, {"fields": {"name": "Physical Therapy"}, "model": "career.skill", "pk": 163}, {"fields": {"name": "Assisting Others"}, "model": "career.skill", "pk": 164}, {"fields": {"name": "Nursing Care"}, "model": "career.skill", "pk": 165}, {"fields": {"name": "Occupational Health Nursing"}, "model": "career.skill", "pk": 166}, {"fields": {"name": "Nursing Education"}, "model": "career.skill", "pk": 167}, {"fields": {"name": "Nursing"}, "model": "career.skill", "pk": 168}, {"fields": {"name": "Patient Advocacy"}, "model": "career.skill", "pk": 169}, {"fields": {"name": "Administrative Law"}, "model": "career.skill", "pk": 170}, {"fields": {"name": "Criminal Law"}, "model": "career.skill", "pk": 171}, {"fields": {"name": "Family Law"}, "model": "career.skill", "pk": 172}, {"fields": {"name": "Legal Advice"}, "model": "career.skill", "pk": 173}, {"fields": {"name": "Legal Research"}, "model": "career.skill", "pk": 174}, {"fields": {"name": "Psychology"}, "model": "career.skill", "pk": 175}, {"fields": {"name": "Social Psychology"}, "model": "career.skill", "pk": 176}, {"fields": {"name": "Cognitive Psychology"}, "model": "career.skill", "pk": 177}, {"fields": {"name": "Psychosocial"}, "model": "career.skill", "pk": 178}, {"fields": {"name": "Civil Engineering"}, "model": "career.skill", "pk": 179}, {"fields": {"name": "Engineering"}, "model": "career.skill", "pk": 180}, {"fields": {"name": "Project Engineering"}, "model": "career.skill", "pk": 181}, {"fields": {"name": "Process Engineering"}, "model": "career.skill", "pk": 182}, {"fields": {"name": "Engineering Management"}, "model": "career.skill", "pk": 183}, {"fields": {"name": "Geotechnical Engineering"}, "model": "career.skill", "pk": 184}, {"fields": {"name": "Technical Writing"}, "model": "career.skill", "pk": 185}, {"fields": {"name": "Autocad"}, "model": "career.skill", "pk": 186}, {"fields": {"name": "Autocad Civil 3D"}, "model": "career.skill", "pk": 187}, {"fields": {"name": "Math "}, "model": "career.skill", "pk": 188}, {"fields": {"name": "Quality Control"}, "model": "career.skill", "pk": 189}, {"fields": {"name": "Food Quality"}, "model": "career.skill", "pk": 190}, {"fields": {"name": "Food Safety"}, "model": "career.skill", "pk": 191}, {"fields": {"name": "Food Preparation"}, "model": "career.skill", "pk": 192}, {"fields": {"name": "Banquets"}, "model": "career.skill", "pk": 193}, {"fields": {"name": "Client Services"}, "model": "career.skill", "pk": 194}, {"fields": {"name": "Customer Services"}, "model": "career.skill", "pk": 195}, {"fields": {"name": "Guest Service Management"}, "model": "career.skill", "pk": 196}, {"fields": {"name": "Observation"}, "model": "career.skill", "pk": 197}, {"fields": {"name": "Construction"}, "model": "career.skill", "pk": 198}, {"fields": {"name": "Electrics"}, "model": "career.skill", "pk": 199}, {"fields": {"name": "Electrical Controls"}, "model": "career.skill", "pk": 200}, {"fields": {"name": "Electrical Troubleshooting"}, "model": "career.skill", "pk": 201}, {"fields": {"name": "Machine"}, "model": "career.skill", "pk": 202}, {"fields": {"name": "Gardening"}, "model": "career.skill", "pk": 203}, {"fields": {"name": "Public Speaking"}, "model": "career.skill", "pk": 204}, {"fields": {"name": "Storytelling"}, "model": "career.skill", "pk": 205}, {"fields": {"name": "Newstellers"}, "model": "career.skill", "pk": 206}, {"fields": {"name": "TV News Production"}, "model": "career.skill", "pk": 207}, {"fields": {"name": "Broadcast"}, "model": "career.skill", "pk": 208}, {"fields": {"name": "Broadcast Television"}, "model": "career.skill", "pk": 209}, {"fields": {"name": "Broadcast Journalism"}, "model": "career.skill", "pk": 210}, {"fields": {"name": "Radio Broadcasting"}, "model": "career.skill", "pk": 211}, {"fields": {"name": "Client Relations"}, "model": "career.skill", "pk": 212}, {"fields": {"name": "Client Acquisition"}, "model": "career.skill", "pk": 213}, {"fields": {"name": "Global Business Development"}, "model": "career.skill", "pk": 214}, {"fields": {"name": "Biotechnology"}, "model": "career.skill", "pk": 215}, {"fields": {"name": "Behavioral Health"}, "model": "career.skill", "pk": 216}, {"fields": {"name": "Patient Safety"}, "model": "career.skill", "pk": 217}, {"fields": {"name": "Outpatient Orthopedics"}, "model": "career.skill", "pk": 218}, {"fields": {"name": "Quality Patient Care"}, "model": "career.skill", "pk": 219}, {"fields": {"name": "Automotive Aftermarket"}, "model": "career.skill", "pk": 220}, {"fields": {"name": "Claims Management"}, "model": "career.skill", "pk": 221}, {"fields": {"name": "Claims Handling"}, "model": "career.skill", "pk": 222}, {"fields": {"name": "Technical Support"}, "model": "career.skill", "pk": 223}, {"fields": {"name": "Technical Documentation"}, "model": "career.skill", "pk": 224}, {"fields": {"name": "Title Insurance"}, "model": "career.skill", "pk": 225}, {"fields": {"name": "Benefits Negotiation"}, "model": "career.skill", "pk": 226}, {"fields": {"name": "Policy Analysis"}, "model": "career.skill", "pk": 227}, {"fields": {"name": "Hotel Booking"}, "model": "career.skill", "pk": 228}, {"fields": {"name": "Guest Recovery"}, "model": "career.skill", "pk": 229}, {"fields": {"name": "Homeland Security"}, "model": "career.skill", "pk": 230}, {"fields": {"name": "Ticketing"}, "model": "career.skill", "pk": 231}, {"fields": {"name": "Airline Ticketing"}, "model": "career.skill", "pk": 232}, {"fields": {"name": "Management Consulting"}, "model": "career.skill", "pk": 233}, {"fields": {"name": "Start-Up Consulting"}, "model": "career.skill", "pk": 234}, {"fields": {"name": "Teeth Whitening"}, "model": "career.skill", "pk": 235}, {"fields": {"name": "Copy Editing"}, "model": "career.skill", "pk": 236}, {"fields": {"name": "Video Editing"}, "model": "career.skill", "pk": 237}, {"fields": {"name": "Image Editing"}, "model": "career.skill", "pk": 238}, {"fields": {"name": "Sound FX Editing"}, "model": "career.skill", "pk": 239}, {"fields": {"name": "Non-Linear Editing"}, "model": "career.skill", "pk": 240}, {"fields": {"name": "HTML-scripting"}, "model": "career.skill", "pk": 241}, {"fields": {"name": "Web Typography"}, "model": "career.skill", "pk": 242}, {"fields": {"name": "Skin Care"}, "model": "career.skill", "pk": 243}, {"fields": {"name": "Skin Care Products"}, "model": "career.skill", "pk": 244}, {"fields": {"name": "Fashion Illustration"}, "model": "career.skill", "pk": 245}, {"fields": {"name": "Fashion Photography"}, "model": "career.skill", "pk": 246}, {"fields": {"name": "Digital Illustration"}, "model": "career.skill", "pk": 247}, {"fields": {"name": "Graphic Illustration"}, "model": "career.skill", "pk": 248}, {"fields": {"name": "Fashion Blogging"}, "model": "career.skill", "pk": 249}, {"fields": {"name": "Fashion Shows"}, "model": "career.skill", "pk": 250}, {"fields": {"name": "Jewelry Design"}, "model": "career.skill", "pk": 251}, {"fields": {"name": "Luxury Lifestyle"}, "model": "career.skill", "pk": 252}, {"fields": {"name": "Criminal Justice"}, "model": "career.skill", "pk": 253}, {"fields": {"name": "Criminal Investigations"}, "model": "career.skill", "pk": 254}, {"fields": {"name": "Federal Law Enforcement"}, "model": "career.skill", "pk": 255}, {"fields": {"name": "International Humanitarian Law"}, "model": "career.skill", "pk": 256}, {"fields": {"name": "Rule of Law"}, "model": "career.skill", "pk": 257}, {"fields": {"name": "American Sign Language"}, "model": "career.skill", "pk": 258}, {"fields": {"name": "Fitness"}, "model": "career.skill", "pk": 259}, {"fields": {"name": "Energy Efficiency"}, "model": "career.skill", "pk": 260}, {"fields": {"name": "Renewable Energy"}, "model": "career.skill", "pk": 261}, {"fields": {"name": "Alternative Energy"}, "model": "career.skill", "pk": 262}, {"fields": {"name": "Team Building"}, "model": "career.skill", "pk": 263}, {"fields": {"name": "Employee Relations"}, "model": "career.skill", "pk": 264}, {"fields": {"name": "Employee Engagement"}, "model": "career.skill", "pk": 265}, {"fields": {"name": "Empoyee Management"}, "model": "career.skill", "pk": 266}, {"fields": {"name": "Food Processing"}, "model": "career.skill", "pk": 267}, {"fields": {"name": "Drug Discovery"}, "model": "career.skill", "pk": 268}, {"fields": {"name": "Drug Development"}, "model": "career.skill", "pk": 269}, {"fields": {"name": "Psychopharmacology"}, "model": "career.skill", "pk": 270}, {"fields": {"name": "Advice"}, "model": "career.skill", "pk": 271}, {"fields": {"name": "Medical Devices"}, "model": "career.skill", "pk": 272}, {"fields": {"name": "Legal Assistance"}, "model": "career.skill", "pk": 273}, {"fields": {"name": "Administrative Assistance"}, "model": "career.skill", "pk": 274}, {"fields": {"name": "Legal Writing"}, "model": "career.skill", "pk": 275}, {"fields": {"name": "Mechanical Engeneering"}, "model": "career.skill", "pk": 276}, {"fields": {"name": "Engeneering Management"}, "model": "career.skill", "pk": 277}, {"fields": {"name": "Computer Graphics"}, "model": "career.skill", "pk": 278}, {"fields": {"name": "Nutritional Counseling"}, "model": "career.skill", "pk": 279}, {"fields": {"name": "Menu Development"}, "model": "career.skill", "pk": 280}, {"fields": {"name": "Nutrition Education"}, "model": "career.skill", "pk": 281}, {"fields": {"name": "Interviewing  "}, "model": "career.skill", "pk": 282}, {"fields": {"name": "Documentation"}, "model": "career.skill", "pk": 283}, {"fields": {"name": "Project Planning"}, "model": "career.skill", "pk": 284}, {"fields": {"name": "Test Planning"}, "model": "career.skill", "pk": 285}, {"fields": {"name": "Observational"}, "model": "career.skill", "pk": 286}, {"fields": {"name": "Customer Support"}, "model": "career.skill", "pk": 287}, {"fields": {"discription": "The arts represent an outlet of expression, that is usually influenced by culture and which in turn helps to change culture. As such, the arts are a physical manifestation of the internal creative impulse. \rMajor constituents of the arts include literature _ including poetry, novels and short stories, and epics; performing arts _ among them music, dance, and theatre; culinary arts such as baking, chocolatiering, and winemaking; \rmedia arts like photography and cinematography, and visual arts _ including drawing, painting, ceramics, and sculpting. Some art forms combine a visual element with performance (e.g. film) and the written word (e.g. comics).", "name": "Arts"}, "model": "career.sphere", "pk": 1}, {"fields": {"discription": "The life sciences comprise the fields of science that involve the scientific study of living organisms _ such as microorganisms, plants, animals, and human beings _ as well as related considerations like bioethics. \rWhile biology remains the centerpiece of the life sciences, technological advances in molecular biology and biotechnology have led to a burgeoning of specializations and interdisciplinary fields.", "name": "Biology & Life Sciences"}, "model": "career.sphere", "pk": 2}, {"fields": {"discription": "In companies large and small, ranging from manufacturers to service providers, business managers play a key role in contributing to an organizations profitability and viability. \r\nThe role of a business manager can vary widely depending on the industry and size of the organization. As a company's needs change, its business managers may be required to take on additional responsibilities. \r\nThe wide range of business skills needed in this profession can be acquired through a bachelor's degree in business administration program with a specialization in management.", "name": "Business & Management"}, "model": "career.sphere", "pk": 3}, {"fields": {"discription": "Chemistry is a branch of physical science that studies the composition, structure, properties and change of matter. \rChemistry deals with such topics as the properties of individual atoms, how atoms form chemical bonds to create chemical compounds, the interactions of substances through intermolecular forces that give matter its general properties, \rand the interactions between substances through chemical reactions to form different substances.", "name": "Chemistry"}, "model": "career.sphere", "pk": 4}, {"fields": {"discription": "Computer scientists typically work on the theoretical side of computer systems, as opposed to the hardware side that computer engineers mainly focus on. Computer scientists can also focus their work and research on specific areas (algorithm and data structure development and design, software engineering, information theory, database theory, computational complexity theory, numerical analysis, programming language theory, computer graphics, and computer vision), their foundation is the theoretical study of computing from which these other fields derive. ", "name": "Computer Science"}, "model": "career.sphere", "pk": 5}, {"fields": {"discription": "Computer Systems Security is the sphere about the design and implementation of secure computer systems, threat models, attacks that compromise security, and techniques for achieving security, based on recent research papers. \rTopics include operating system (OS) security, capabilities, information flow control, language security, network protocols, hardware security, and security in web applications.", "name": "Computer Science: Systems & Security"}, "model": "career.sphere", "pk": 6}, {"fields": {"discription": "Economists typically do the following: research and analyze economic issues,conduct surveys and collect data, analyze data using mathematical models and statistical techniques, prepare reports, tables, \rand charts that present research results, interpret and forecast market trends, advise businesses, governments, and individuals on economic topics, design policies or make recommendations for solving economic problems, \rwrite articles for publication in newsletters and academic journals.", "name": "Economics & Finance"}, "model": "career.sphere", "pk": 7}, {"fields": {"discription": "Teaching is among the most challenging and personally rewarding of professions. The professional educator brings together subject matter knowledge, appropriate strategies, \rand interpersonal skills essential to providing successful learning experiences for children. The contemporary teacher is well versed in individualized instruction and sensitive to developmental and sociocultural issues involving the learner.", "name": "Education"}, "model": "career.sphere", "pk": 8}, {"fields": {"discription": "Wind and precipitation, warming and cooling depend on how much energy is in the atmosphere and where that energy is located. \rMuch more energy from the Sun reaches low latitudes (nearer the equator) than high latitudes (nearer the poles). These energy differences cause the winds, affect climate, and even drive ocean currents. Heat is held in the atmosphere by greenhouse gases.", "name": "Energy & Earth Sciences"}, "model": "career.sphere", "pk": 9}, {"fields": {"discription": "Engineering is the application of scientific, economic, social, and practical knowledge in order to invent, design, build, maintain, research, and improve structures, machines, devices, systems, materials, and processes.\rThe discipline of engineering is extremely broad, and encompasses a range of more specialized fields of engineering, each with a more specific emphasis on particular areas of applied science, technology and types of application.\rThe term Engineering is derived from the Latin ingenium, meaning \"cleverness\" and ingeniare, meaning \"to contrive, devise\".", "name": "Engineering"}, "model": "career.sphere", "pk": 10}, {"fields": {"discription": "Plan and conduct food service or nutritional programs to assist in the promotion of health and control of disease. May supervise activities of a department providing quantity food services, counsel individuals, \ror conduct nutritional research.", "name": "Food and Nutrition"}, "model": "career.sphere", "pk": 11}, {"fields": {"discription": "Health and society officers use their knowledge and skills to promote a positive health and safety culture in the workplace. \rThey are responsible for ensuring that employers and workers comply with safety legislation and that safety policies and practices are adopted and adhered to. \rHealth and society officers are based in a wide range of organisations, from multinationals to small consultancies, and help to plan, implement, monitor and review protective and preventative safety measures.", "name": "Health & Society"}, "model": "career.sphere", "pk": 12}, {"fields": {"discription": "The humanities can be described as the study of how people process and document the human experience. Since humans have been able, we have used philosophy, literature, religion, art, music, history and \rlanguage to understand and record our world. These modes of expression have become some of the subjects that traditionally fall under the humanities umbrella. \rKnowledge of these records of human experience gives us the opportunity to feel a sense of connection to those who have come before us, as well as to our contemporaries.", "name": "Humanities"}, "model": "career.sphere", "pk": 13}, {"fields": {"discription": "The focus here is using what already has been built by interconnecting software components so they do something new. An IT professional will know some programming, be able to make use of operating systems resources, \r\ncontrol communication between hosts over the Internet, access and store data on servers using database technologies, and build intuitive graphical interfaces.", "name": "Information, Tech & Design"}, "model": "career.sphere", "pk": 14}, {"fields": {"discription": "The complexities of our legal system have created hundreds of legal career options that serve a variety of core and non-core legal functions.  \r\nFrom lawyers, judges andmediators to paralegals, secretaries andconsultants, the legal professional's role is expanding and evolving to keep pace with the ever-changing legal system.", "name": "Law"}, "model": "career.sphere", "pk": 15}, {"fields": {"discription": "Contemplating a career centered on mathematics? Mathematical research and education are at the heart of some careers, while other careers utilize mathematics and its applications to build and enhance important work in the sciences, business, finance, manufacturing, communications, and engineering.", "name": "Mathematics"}, "model": "career.sphere", "pk": 16}, {"fields": {"discription": "A medical professional's duties are complex and generally have a great deal of associated responsibility, including overseeing other health care workers. \rDue to the wide variety of jobs in the medical and health fields, job prospects and pay can vary significantly; however, the continued overall expansion of the healthcare field should create many new jobs.", "name": "Medicine"}, "model": "career.sphere", "pk": 17}, {"fields": {"discription": "Careers in the media are some of the most highly-contested around, with entry-level jobs often attracting hundreds of applications. \rWhether you're looking to get into print, online, TV or design, or media job descriptions will help give you the edge over your competitors.", "name": "Music, Film, and Audio"}, "model": "career.sphere", "pk": 18}, {"fields": {"discription": "The physical and earth sciences examine the earth's natural systems and processes, including interactions of the earth, ocean and atmosphere. \rKeep reading to explore degrees and specializations, job options, career outlook data and salaries for this field.", "name": "Physical & Earth Sciences"}, "model": "career.sphere", "pk": 19}, {"fields": {"discription": "Physicists research physical phenomena, devise hypotheses, conduct experiments and draw conclusions from experimental data to explain the world around us. \rPhysicists can work in either applied or theoretical physics, based on their skill set and available career opportunities. Most careers in physics require graduate-level education, especially in theoretical physics.", "name": "Physics"}, "model": "career.sphere", "pk": 20}, {"fields": {"discription": "Social science is a major category of academic disciplines, concerned with society and the relationships among individuals within a society. The main social sciences include economics, political science, human geography, demography and sociology. ", "name": "Social Sciences"}, "model": "career.sphere", "pk": 21}, {"fields": {"discription": "Statistical data analysts interpret quantitative data and design statistical models for researching problems or questions. They also maintain databases and ensure that their data are reliable. Most statistical analysts specialize in particular types of data, such as business, marketing, health and medicine, education or economics. ", "name": "Statistics and Data Analysis"}, "model": "career.sphere", "pk": 22}, {"fields": {"discription": "It is critical for veteran teachers to have ongoing and regular opportunities to learn from each other. \r\nOngoing professional development keeps teachers up-to-date on new research on how children learn, emerging technology tools for the classroom, new curriculum resources, and more. ", "name": "Teacher Professional Development"}, "model": "career.sphere", "pk": 23}, {"fields": {"sphere": 1, "name": "arts"}, "model": "career.course", "pk": 1}, {"fields": {"sphere": 2, "name": "biology"}, "model": "career.course", "pk": 2}, {"fields": {"sphere": 3, "name": "business"}, "model": "career.course", "pk": 3}, {"fields": {"sphere": 4, "name": "chemistry"}, "model": "career.course", "pk": 4}, {"fields": {"sphere": 5, "name": "cs-ai,cs-programming,cs-theory"}, "model": "career.course", "pk": 5}, {"fields": {"sphere": 6, "name": "cs-systems,cs-theory"}, "model": "career.course", "pk": 6}, {"fields": {"sphere": 7, "name": "economics"}, "model": "career.course", "pk": 7}, {"fields": {"sphere": 8, "name": "education"}, "model": "career.course", "pk": 8}, {"fields": {"sphere": 9, "name": "energy"}, "model": "career.course", "pk": 9}, {"fields": {"sphere": 10, "name": "ee"}, "model": "career.course", "pk": 10}, {"fields": {"sphere": 11, "name": "food"}, "model": "career.course", "pk": 11}, {"fields": {"sphere": 12, "name": "health"}, "model": "career.course", "pk": 12}, {"fields": {"sphere": 13, "name": "humanities"}, "model": "career.course", "pk": 13}, {"fields": {"sphere": 14, "name": "infotech"}, "model": "career.course", "pk": 14}, {"fields": {"sphere": 15, "name": "law"}, "model": "career.course", "pk": 15}, {"fields": {"sphere": 16, "name": "math"}, "model": "career.course", "pk": 16}, {"fields": {"sphere": 17, "name": "medicine"}, "model": "career.course", "pk": 17}, {"fields": {"sphere": 18, "name": "music"}, "model": "career.course", "pk": 18}, {"fields": {"sphere": 19, "name": "physical"}, "model": "career.course", "pk": 19}, {"fields": {"sphere": 20, "name": "physics"}, "model": "career.course", "pk": 20}, {"fields": {"sphere": 21, "name": "socsci"}, "model": "career.course", "pk": 21}, {"fields": {"sphere": 22, "name": "stats"}, "model": "career.course", "pk": 22}, {"fields": {"sphere": 23, "name": "teacherpd"}, "model": "career.course", "pk": 23}]